device_filename,building_id,element_type,equipment_type,technology,analysis_class,fuel,capacity_btuh,capacity_tons,capacity_kw_thermal,metadata_reference_estimated_electric_kw,backup_type,backup_fuel,backup_capacity_tons,backup_capacity_kw_thermal,metadata_reference_backup_electric_kw,compressor_type
ochre_load_178683.csv,178683,HeatingSystem,Boiler,electric_heating_system_uncertain,electric_heating_system_uncertain,electricity,1646.0,0.1371666666666666,0.4823949296365744,0.4823950488888889,,,,,,
ochre_load_19520.csv,19520,HeatingSystem,Boiler,electric_heating_system_uncertain,electric_heating_system_uncertain,electricity,1779.0,0.14825,0.5213733777785333,0.5213735066666667,,,,,,
ochre_load_67570.csv,67570,HeatingSystem,Boiler,electric_heating_system_uncertain,electric_heating_system_uncertain,electricity,1853.0,0.1544166666666666,0.5430606346394729,0.5430607688888889,,,,,,
ochre_load_34237.csv,34237,HeatingSystem,Boiler,electric_heating_system_uncertain,electric_heating_system_uncertain,electricity,1965.0,0.16375,0.5758845909695435,0.5758847333333333,,,,,,
ochre_load_369588.csv,369588,HeatingSystem,Boiler,electric_heating_system_uncertain,electric_heating_system_uncertain,electricity,2080.0,0.1733333333333333,0.6095877604155983,0.6095879111111111,,,,,,
ochre_load_138598.csv,138598,HeatingSystem,Boiler,electric_heating_system_uncertain,electric_heating_system_uncertain,electricity,2199.0,0.18325,0.6444632140162982,0.6444633733333334,,,,,,
ochre_load_257923.csv,257923,HeatingSystem,Boiler,electric_heating_system_uncertain,electric_heating_system_uncertain,electricity,2292.0,0.191,0.6717188206118034,0.6717189866666666,,,,,,
ochre_load_504247.csv,504247,HeatingSystem,Boiler,electric_heating_system_uncertain,electric_heating_system_uncertain,electricity,2342.0,0.1951666666666666,0.6863723725448707,0.6863725422222222,,,,,,
ochre_load_3747.csv,3747,HeatingSystem,Boiler,electric_heating_system_uncertain,electric_heating_system_uncertain,electricity,2460.0,0.205,0.7209547551069094,0.7209549333333333,,,,,,
ochre_load_548581.csv,548581,HeatingSystem,Boiler,electric_heating_system_uncertain,electric_heating_system_uncertain,electricity,2603.0,0.2169166666666666,0.7628639136354818,0.7628641022222222,,,,,,
ochre_load_312588.csv,312588,HeatingSystem,Boiler,electric_heating_system_uncertain,electric_heating_system_uncertain,electricity,2679.0,0.22325,0.7851373125737441,0.7851375066666667,,,,,,
ochre_load_268659.csv,268659,HeatingSystem,Boiler,electric_heating_system_uncertain,electric_heating_system_uncertain,electricity,2701.0,0.2250833333333333,0.7915848754242937,0.7915850711111111,,,,,,
ochre_load_232204.csv,232204,HeatingSystem,Boiler,electric_heating_system_uncertain,electric_heating_system_uncertain,electricity,2799.0,0.23325,0.8203058372131055,0.8203060400000001,,,,,,
ochre_load_70065.csv,70065,HeatingSystem,Boiler,electric_heating_system_uncertain,electric_heating_system_uncertain,electricity,2813.0,0.2344166666666666,0.8244088317543643,0.8244090355555556,,,,,,
ochre_load_472044.csv,472044,HeatingSystem,Boiler,electric_heating_system_uncertain,electric_heating_system_uncertain,electricity,2934.0,0.2445,0.8598704274323871,0.85987064,,,,,,
ochre_load_51015.csv,51015,HeatingSystem,Boiler,electric_heating_system_uncertain,electric_heating_system_uncertain,electricity,3027.0,0.25225,0.8871260340278923,0.8871262533333334,,,,,,
ochre_load_374308.csv,374308,HeatingSystem,Boiler,electric_heating_system_uncertain,electric_heating_system_uncertain,electricity,3046.0,0.2538333333333333,0.8926943837624578,0.8926946044444445,,,,,,
ochre_load_180905.csv,180905,HeatingSystem,Boiler,electric_heating_system_uncertain,electric_heating_system_uncertain,electricity,3092.0,0.2576666666666666,0.9061756515408796,0.9061758755555556,,,,,,
ochre_load_79776.csv,79776,HeatingSystem,Boiler,electric_heating_system_uncertain,electric_heating_system_uncertain,electricity,3142.0,0.2618333333333333,0.9208292034739468,0.9208294311111112,,,,,,
ochre_load_521426.csv,521426,HeatingSystem,Boiler,electric_heating_system_uncertain,electric_heating_system_uncertain,electricity,3245.0,0.2704166666666667,0.9510155204560656,0.9510157555555556,,,,,,
ochre_load_160621.csv,160621,HeatingSystem,Boiler,electric_heating_system_uncertain,electric_heating_system_uncertain,electricity,3568.0,0.2973333333333333,1.04567746594368,1.0456777244444444,,,,,,
ochre_load_371350.csv,371350,HeatingSystem,Boiler,electric_heating_system_uncertain,electric_heating_system_uncertain,electricity,3718.0,0.3098333333333333,1.089638121742882,1.0896383911111112,,,,,,
ochre_load_207153.csv,207153,HeatingSystem,Boiler,electric_heating_system_uncertain,electric_heating_system_uncertain,electricity,3776.0,0.3146666666666666,1.1066362419852398,1.1066365155555558,,,,,,
ochre_load_325082.csv,325082,HeatingSystem,Boiler,electric_heating_system_uncertain,electric_heating_system_uncertain,electricity,3777.0,0.31475,1.106929313023901,1.1069295866666666,,,,,,
ochre_load_56993.csv,56993,HeatingSystem,Boiler,electric_heating_system_uncertain,electric_heating_system_uncertain,electricity,3798.0,0.3165,1.1130838048357894,1.11308408,,,,,,
ochre_load_161950.csv,161950,HeatingSystem,Boiler,electric_heating_system_uncertain,electric_heating_system_uncertain,electricity,4015.0,0.3345833333333333,1.1766802202253013,1.1766805111111112,,,,,,
ochre_load_447201.csv,447201,HeatingSystem,Boiler,electric_heating_system_uncertain,electric_heating_system_uncertain,electricity,4169.0,0.3474166666666666,1.2218131601791484,1.221813462222222,,,,,,
ochre_load_486906.csv,486906,HeatingSystem,Boiler,electric_heating_system_uncertain,electric_heating_system_uncertain,electricity,4255.0,0.3545833333333333,1.2470172695040245,1.247017577777778,,,,,,
ochre_load_442093.csv,442093,HeatingSystem,Boiler,electric_heating_system_uncertain,electric_heating_system_uncertain,electricity,4409.0,0.3674166666666666,1.2921502094578714,1.2921505288888888,,,,,,
ochre_load_526358.csv,526358,HeatingSystem,Boiler,electric_heating_system_uncertain,electric_heating_system_uncertain,electricity,4543.0,0.3785833333333333,1.3314217286384915,1.3314220577777778,,,,,,
ochre_load_77532.csv,77532,HeatingSystem,Boiler,electric_heating_system_uncertain,electric_heating_system_uncertain,electricity,4682.0,0.3901666666666666,1.3721586030124189,1.3721589422222222,,,,,,
ochre_load_96730.csv,96730,HeatingSystem,Boiler,electric_heating_system_uncertain,electric_heating_system_uncertain,electricity,4785.0,0.39875,1.4023449199945373,1.4023452666666667,,,,,,
ochre_load_342391.csv,342391,HeatingSystem,Boiler,electric_heating_system_uncertain,electric_heating_system_uncertain,electricity,4899.0,0.40825,1.4357550184019303,1.4357553733333337,,,,,,
ochre_load_116314.csv,116314,HeatingSystem,Boiler,electric_heating_system_uncertain,electric_heating_system_uncertain,electricity,4924.0,0.4103333333333333,1.4430817943684642,1.4430821511111112,,,,,,
ochre_load_202347.csv,202347,HeatingSystem,Boiler,electric_heating_system_uncertain,electric_heating_system_uncertain,electricity,5045.0,0.4204166666666666,1.478543390046487,1.4785437555555556,,,,,,
ochre_load_33042.csv,33042,HeatingSystem,Boiler,electric_heating_system_uncertain,electric_heating_system_uncertain,electricity,5077.0,0.4230833333333333,1.48792166328365,1.4879220311111112,,,,,,
ochre_load_375549.csv,375549,HeatingSystem,Boiler,electric_heating_system_uncertain,electric_heating_system_uncertain,electricity,5258.0,0.4381666666666666,1.5409675212813536,1.5409679022222222,,,,,,
ochre_load_180140.csv,180140,HeatingSystem,Boiler,electric_heating_system_uncertain,electric_heating_system_uncertain,electricity,5419.0,0.4515833333333333,1.58815195850583,1.588152351111111,,,,,,
ochre_load_39417.csv,39417,HeatingSystem,Boiler,electric_heating_system_uncertain,electric_heating_system_uncertain,electricity,5425.0,0.4520833333333333,1.5899103847377982,1.589910777777778,,,,,,
ochre_load_281322.csv,281322,HeatingSystem,Boiler,electric_heating_system_uncertain,electric_heating_system_uncertain,electricity,5464.0,0.4553333333333333,1.6013401552455906,1.6013405511111112,,,,,,
ochre_load_21000.csv,21000,HeatingSystem,Boiler,electric_heating_system_uncertain,electric_heating_system_uncertain,electricity,5555.0,0.4629166666666666,1.628009619763773,1.6280100222222222,,,,,,
ochre_load_383710.csv,383710,HeatingSystem,Boiler,electric_heating_system_uncertain,electric_heating_system_uncertain,electricity,5635.0,0.4695833333333333,1.6514553028566807,1.6514557111111112,,,,,,
ochre_load_71306.csv,71306,HeatingSystem,Boiler,electric_heating_system_uncertain,electric_heating_system_uncertain,electricity,5665.0,0.4720833333333333,1.6602474340165212,1.6602478444444446,,,,,,
ochre_load_212498.csv,212498,HeatingSystem,Boiler,electric_heating_system_uncertain,electric_heating_system_uncertain,electricity,5685.0,0.47375,1.666108854789748,1.6661092666666666,,,,,,
ochre_load_163514.csv,163514,HeatingSystem,Boiler,electric_heating_system_uncertain,electric_heating_system_uncertain,electricity,5708.0,0.4756666666666667,1.6728494886789589,1.6728499022222223,,,,,,
ochre_load_200359.csv,200359,HeatingSystem,Boiler,electric_heating_system_uncertain,electric_heating_system_uncertain,electricity,5823.0,0.48525,1.7065526581250137,1.7065530800000002,,,,,,
ochre_load_317613.csv,317613,HeatingSystem,Boiler,electric_heating_system_uncertain,electric_heating_system_uncertain,electricity,5824.0,0.4853333333333333,1.706845729163675,1.706846151111111,,,,,,
ochre_load_467023.csv,467023,HeatingSystem,Boiler,electric_heating_system_uncertain,electric_heating_system_uncertain,electricity,5902.0,0.4918333333333333,1.72970527017926,1.7297056977777778,,,,,,
ochre_load_424404.csv,424404,HeatingSystem,Boiler,electric_heating_system_uncertain,electric_heating_system_uncertain,electricity,5930.0,0.4941666666666666,1.7379112592617776,1.7379116888888888,,,,,,
ochre_load_20835.csv,20835,HeatingSystem,Boiler,electric_heating_system_uncertain,electric_heating_system_uncertain,electricity,5933.0,0.4944166666666666,1.7387904723777616,1.7387909022222223,,,,,,
ochre_load_213525.csv,213525,HeatingSystem,Boiler,electric_heating_system_uncertain,electric_heating_system_uncertain,electricity,6229.0,0.5190833333333333,1.82553949982152,1.8255399511111112,,,,,,
ochre_load_76011.csv,76011,HeatingSystem,Boiler,electric_heating_system_uncertain,electric_heating_system_uncertain,electricity,6256.0,0.5213333333333333,1.833452417865376,1.833452871111111,,,,,,
ochre_load_186586.csv,186586,HeatingSystem,Boiler,electric_heating_system_uncertain,electric_heating_system_uncertain,electricity,6375.0,0.53125,1.8683278714660765,1.8683283333333331,,,,,,
ochre_load_5640.csv,5640,HeatingSystem,Boiler,electric_heating_system_uncertain,electric_heating_system_uncertain,electricity,6940.0,0.5783333333333334,2.0339130083097365,2.0339135111111117,,,,,,
ochre_load_326870.csv,326870,HeatingSystem,Boiler,electric_heating_system_uncertain,electric_heating_system_uncertain,electricity,7474.0,0.6228333333333333,2.190412942954895,2.1904134844444445,,,,,,
ochre_load_536626.csv,536626,HeatingSystem,Boiler,electric_heating_system_uncertain,electric_heating_system_uncertain,electricity,7481.0,0.6234166666666666,2.192464440225524,2.1924649822222224,,,,,,
ochre_load_385240.csv,385240,HeatingSystem,Boiler,electric_heating_system_uncertain,electric_heating_system_uncertain,electricity,7583.0,0.6319166666666667,2.2223576861689813,2.222358235555556,,,,,,
ochre_load_160794.csv,160794,HeatingSystem,Boiler,electric_heating_system_uncertain,electric_heating_system_uncertain,electricity,7601.0,0.6334166666666666,2.2276329648648856,2.227633515555556,,,,,,
ochre_load_366324.csv,366324,HeatingSystem,Boiler,electric_heating_system_uncertain,electric_heating_system_uncertain,electricity,7827.0,0.65225,2.2938670196023496,2.293867586666667,,,,,,
ochre_load_547509.csv,547509,HeatingSystem,Boiler,electric_heating_system_uncertain,electric_heating_system_uncertain,electricity,7862.0,0.6551666666666667,2.304124505955497,2.304125075555556,,,,,,
ochre_load_75814.csv,75814,HeatingSystem,Boiler,electric_heating_system_uncertain,electric_heating_system_uncertain,electricity,7865.0,0.6554166666666666,2.3050037190714807,2.3050042888888886,,,,,,
ochre_load_188714.csv,188714,HeatingSystem,Boiler,electric_heating_system_uncertain,electric_heating_system_uncertain,electricity,7900.0,0.6583333333333333,2.315261205424628,2.3152617777777778,,,,,,
ochre_load_332426.csv,332426,HeatingSystem,Boiler,electric_heating_system_uncertain,electric_heating_system_uncertain,electricity,8031.0,0.66925,2.353653511489264,2.3536540933333336,,,,,,
ochre_load_255151.csv,255151,HeatingSystem,Boiler,electric_heating_system_uncertain,electric_heating_system_uncertain,electricity,8047.0,0.6705833333333333,2.3583426481078456,2.3583432311111108,,,,,,
ochre_load_214635.csv,214635,HeatingSystem,Boiler,electric_heating_system_uncertain,electric_heating_system_uncertain,electricity,8220.0,0.685,2.4090439377962585,2.409044533333333,,,,,,
ochre_load_320911.csv,320911,HeatingSystem,Boiler,electric_heating_system_uncertain,electric_heating_system_uncertain,electricity,8796.0,0.733,2.577852856065193,2.577853493333333,,,,,,
ochre_load_145155.csv,145155,HeatingSystem,Boiler,electric_heating_system_uncertain,electric_heating_system_uncertain,electricity,8802.0,0.7335,2.579611282297161,2.57961192,,,,,,
ochre_load_101271.csv,101271,HeatingSystem,Boiler,electric_heating_system_uncertain,electric_heating_system_uncertain,electricity,8850.0,0.7375,2.593678692152906,2.5936793333333337,,,,,,
ochre_load_391475.csv,391475,HeatingSystem,Boiler,electric_heating_system_uncertain,electric_heating_system_uncertain,electricity,9170.0,0.7641666666666667,2.6874614245245363,2.687462088888889,,,,,,
ochre_load_87641.csv,87641,HeatingSystem,Boiler,electric_heating_system_uncertain,electric_heating_system_uncertain,electricity,9273.0,0.77275,2.717647741506655,2.7176484133333334,,,,,,
ochre_load_294616.csv,294616,HeatingSystem,Boiler,electric_heating_system_uncertain,electric_heating_system_uncertain,electricity,9377.0,0.7814166666666666,2.7481271295274348,2.748127808888889,,,,,,
ochre_load_120387.csv,120387,HeatingSystem,Boiler,electric_heating_system_uncertain,electric_heating_system_uncertain,electricity,9727.0,0.8105833333333333,2.8507019930589057,2.850702697777778,,,,,,
ochre_load_326744.csv,326744,HeatingSystem,Boiler,electric_heating_system_uncertain,electric_heating_system_uncertain,electricity,9727.0,0.8105833333333333,2.8507019930589057,2.850702697777778,,,,,,
ochre_load_147201.csv,147201,HeatingSystem,Boiler,electric_heating_system_uncertain,electric_heating_system_uncertain,electricity,10094.0,0.8411666666666666,2.958259064247619,2.958259795555556,,,,,,
ochre_load_87382.csv,87382,HeatingSystem,Boiler,electric_heating_system_uncertain,electric_heating_system_uncertain,electricity,10158.0,0.8465,2.9770156107219456,2.977016346666667,,,,,,
ochre_load_177055.csv,177055,HeatingSystem,Boiler,electric_heating_system_uncertain,electric_heating_system_uncertain,electricity,10314.0,0.8595,3.022734692753116,3.02273544,,,,,,
ochre_load_187113.csv,187113,HeatingSystem,Boiler,electric_heating_system_uncertain,electric_heating_system_uncertain,electricity,10461.0,0.87175,3.065816135436333,3.065816893333333,,,,,,
ochre_load_107179.csv,107179,HeatingSystem,Boiler,electric_heating_system_uncertain,electric_heating_system_uncertain,electricity,10495.0,0.8745833333333334,3.0757805507508187,3.075781311111111,,,,,,
ochre_load_70115.csv,70115,HeatingSystem,Boiler,electric_heating_system_uncertain,electric_heating_system_uncertain,electricity,10887.0,0.90725,3.1906643979060663,3.1906651866666667,,,,,,
ochre_load_388945.csv,388945,HeatingSystem,Boiler,electric_heating_system_uncertain,electric_heating_system_uncertain,electricity,11135.0,0.9279166666666666,3.26334601549408,3.263346822222222,,,,,,
ochre_load_222525.csv,222525,HeatingSystem,Boiler,electric_heating_system_uncertain,electric_heating_system_uncertain,electricity,11224.0,0.9353333333333332,3.28942933793494,3.289430151111111,,,,,,
ochre_load_353884.csv,353884,HeatingSystem,Boiler,electric_heating_system_uncertain,electric_heating_system_uncertain,electricity,11317.0,0.9430833333333334,3.3166849445304445,3.3166857644444443,,,,,,
ochre_load_279611.csv,279611,HeatingSystem,Boiler,electric_heating_system_uncertain,electric_heating_system_uncertain,electricity,11365.0,0.9470833333333334,3.330752354386189,3.330753177777777,,,,,,
ochre_load_460290.csv,460290,HeatingSystem,Boiler,electric_heating_system_uncertain,electric_heating_system_uncertain,electricity,11466.0,0.9555,3.360352529290985,3.36035336,,,,,,
ochre_load_476656.csv,476656,HeatingSystem,Boiler,electric_heating_system_uncertain,electric_heating_system_uncertain,electricity,11516.0,0.9596666666666668,3.3750060812240523,3.375006915555556,,,,,,
ochre_load_427498.csv,427498,HeatingSystem,Boiler,electric_heating_system_uncertain,electric_heating_system_uncertain,electricity,11682.0,0.9735,3.423655873641836,3.42365672,,,,,,
ochre_load_214704.csv,214704,HeatingSystem,Boiler,electric_heating_system_uncertain,electric_heating_system_uncertain,electricity,11736.0,0.978,3.4394817097295483,3.43948256,,,,,,
ochre_load_121009.csv,121009,HeatingSystem,Boiler,electric_heating_system_uncertain,electric_heating_system_uncertain,electricity,11867.0,0.9889166666666668,3.4778740157941845,3.4778748755555555,,,,,,
ochre_load_348563.csv,348563,HeatingSystem,Boiler,electric_heating_system_uncertain,electric_heating_system_uncertain,electricity,11921.0,0.9934166666666666,3.4936998518818974,3.493700715555556,,,,,,
ochre_load_336907.csv,336907,HeatingSystem,Boiler,electric_heating_system_uncertain,electric_heating_system_uncertain,electricity,11954.0,0.9961666666666666,3.5033711961577216,3.503372062222222,,,,,,
ochre_load_56041.csv,56041,HeatingSystem,Boiler,electric_heating_system_uncertain,electric_heating_system_uncertain,electricity,12135.0,1.01125,3.556417054155425,3.556417933333333,,,,,,
ochre_load_147050.csv,147050,HeatingSystem,Boiler,electric_heating_system_uncertain,electric_heating_system_uncertain,electricity,12142.0,1.0118333333333334,3.5584685514260546,3.558469431111111,,,,,,
ochre_load_352244.csv,352244,HeatingSystem,Boiler,electric_heating_system_uncertain,electric_heating_system_uncertain,electricity,12457.0,1.0380833333333332,3.650785928604378,3.650786831111111,,,,,,
ochre_load_487574.csv,487574,HeatingSystem,Boiler,electric_heating_system_uncertain,electric_heating_system_uncertain,electricity,12556.0,1.0463333333333331,3.679799961431852,3.679800871111111,,,,,,
ochre_load_43786.csv,43786,HeatingSystem,Boiler,electric_heating_system_uncertain,electric_heating_system_uncertain,electricity,12662.0,1.0551666666666666,3.710865491529954,3.710866408888889,,,,,,
ochre_load_427058.csv,427058,HeatingSystem,Boiler,electric_heating_system_uncertain,electric_heating_system_uncertain,electricity,12728.0,1.0606666666666666,3.7302081800816023,3.730209102222222,,,,,,
ochre_load_50234.csv,50234,HeatingSystem,Boiler,electric_heating_system_uncertain,electric_heating_system_uncertain,electricity,12794.0,1.0661666666666667,3.749550868633252,3.749551795555556,,,,,,
ochre_load_417636.csv,417636,HeatingSystem,Boiler,electric_heating_system_uncertain,electric_heating_system_uncertain,electricity,12863.0,1.0719166666666666,3.769772770300885,3.7697737022222224,,,,,,
ochre_load_2531.csv,2531,HeatingSystem,Boiler,electric_heating_system_uncertain,electric_heating_system_uncertain,electricity,13243.0,1.1035833333333334,3.881139764992196,3.881140724444444,,,,,,
ochre_load_77356.csv,77356,HeatingSystem,Boiler,electric_heating_system_uncertain,electric_heating_system_uncertain,electricity,13387.0,1.1155833333333334,3.923341994559429,3.9233429644444446,,,,,,
ochre_load_327617.csv,327617,HeatingSystem,Boiler,electric_heating_system_uncertain,electric_heating_system_uncertain,electricity,14311.0,1.192583333333333,4.194139634282513,4.194140671111112,,,,,,
ochre_load_330193.csv,330193,HeatingSystem,Boiler,electric_heating_system_uncertain,electric_heating_system_uncertain,electricity,14420.0,1.2016666666666669,4.2260843774966,4.226085422222223,,,,,,
ochre_load_177213.csv,177213,HeatingSystem,Boiler,electric_heating_system_uncertain,electric_heating_system_uncertain,electricity,14508.0,1.209,4.251874628898798,4.25187568,,,,,,
ochre_load_368109.csv,368109,HeatingSystem,Boiler,electric_heating_system_uncertain,electric_heating_system_uncertain,electricity,14925.0,1.24375,4.374085252020579,4.3740863333333335,,,,,,
ochre_load_191639.csv,191639,HeatingSystem,Boiler,electric_heating_system_uncertain,electric_heating_system_uncertain,electricity,15644.0,1.3036666666666668,4.584803328818086,4.584804462222222,,,,,,
ochre_load_423828.csv,423828,HeatingSystem,Boiler,electric_heating_system_uncertain,electric_heating_system_uncertain,electricity,16174.0,1.3478333333333334,4.740130979308598,4.740132151111111,,,,,,
ochre_load_125752.csv,125752,HeatingSystem,Boiler,electric_heating_system_uncertain,electric_heating_system_uncertain,electricity,16536.0,1.378,4.8462226953040055,4.846223893333334,,,,,,
ochre_load_485873.csv,485873,HeatingSystem,Boiler,electric_heating_system_uncertain,electric_heating_system_uncertain,electricity,16553.0,1.3794166666666667,4.851204902961249,4.851206102222222,,,,,,
ochre_load_313757.csv,313757,HeatingSystem,Boiler,electric_heating_system_uncertain,electric_heating_system_uncertain,electricity,16691.0,1.3909166666666666,4.891648706296515,4.891649915555556,,,,,,
ochre_load_363042.csv,363042,HeatingSystem,Boiler,electric_heating_system_uncertain,electric_heating_system_uncertain,electricity,18150.0,1.5125,5.319239351703417,5.3192406666666665,,,,,,
ochre_load_192317.csv,192317,HeatingSystem,Boiler,electric_heating_system_uncertain,electric_heating_system_uncertain,electricity,18240.0,1.52,5.345615745182938,5.345617066666667,,,,,,
ochre_load_470721.csv,470721,HeatingSystem,Boiler,electric_heating_system_uncertain,electric_heating_system_uncertain,electricity,19347.0,1.61225,5.670045384981047,5.670046786666667,,,,,,
ochre_load_304989.csv,304989,HeatingSystem,Boiler,electric_heating_system_uncertain,electric_heating_system_uncertain,electricity,20112.0,1.676,5.894244729556976,5.894246186666667,,,,,,
ochre_load_351757.csv,351757,HeatingSystem,Boiler,electric_heating_system_uncertain,electric_heating_system_uncertain,electricity,20566.0,1.713833333333333,6.027298981109228,6.027300471111111,,,,,,
ochre_load_288485.csv,288485,HeatingSystem,Boiler,electric_heating_system_uncertain,electric_heating_system_uncertain,electricity,22127.0,1.8439166666666664,6.484782872459587,6.484784475555555,,,,,,
ochre_load_335682.csv,335682,HeatingSystem,Boiler,electric_heating_system_uncertain,electric_heating_system_uncertain,electricity,23227.0,1.9355833333333332,6.807161014987067,6.807162697777778,,,,,,
ochre_load_266903.csv,266903,HeatingSystem,Boiler,electric_heating_system_uncertain,electric_heating_system_uncertain,electricity,30011.0,2.5009166666666665,8.795354941265634,8.795357115555557,,,,,,
ochre_load_289393.csv,289393,HeatingSystem,Boiler,electric_heating_system_uncertain,electric_heating_system_uncertain,electricity,66397.0,5.533083333333333,19.459037753997343,19.459042564444445,,,,,,
ochre_load_430208.csv,430208,HeatingSystem,Boiler,electric_heating_system_uncertain,electric_heating_system_uncertain,electricity,77579.0,6.464916666666666,22.736158108308505,22.73616372888889,,,,,,
ochre_load_278662.csv,278662,HeatingSystem,Furnace,electric_heating_system_uncertain,electric_heating_system_uncertain,electricity,1738.0,0.1448333333333333,0.5093574651934181,0.5093575911111111,,,,,,
ochre_load_488659.csv,488659,HeatingSystem,Furnace,electric_heating_system_uncertain,electric_heating_system_uncertain,electricity,1819.0,0.1515833333333333,0.5330962193249871,0.5330963511111112,,,,,,
ochre_load_31648.csv,31648,HeatingSystem,Furnace,electric_heating_system_uncertain,electric_heating_system_uncertain,electricity,2420.0,0.2016666666666666,0.7092319135604556,0.7092320888888889,,,,,,
ochre_load_172849.csv,172849,HeatingSystem,Furnace,electric_heating_system_uncertain,electric_heating_system_uncertain,electricity,2539.0,0.2115833333333333,0.7441073671611557,0.744107551111111,,,,,,
ochre_load_360612.csv,360612,HeatingSystem,Furnace,electric_heating_system_uncertain,electric_heating_system_uncertain,electricity,2572.0,0.2143333333333333,0.75377871143698,0.7537788977777778,,,,,,
ochre_load_278166.csv,278166,HeatingSystem,Furnace,electric_heating_system_uncertain,electric_heating_system_uncertain,electricity,2608.0,0.2173333333333333,0.7643292688287885,0.7643294577777777,,,,,,
ochre_load_537983.csv,537983,HeatingSystem,Furnace,electric_heating_system_uncertain,electric_heating_system_uncertain,electricity,3171.0,0.26425,0.929328263595126,0.9293284933333332,,,,,,
ochre_load_294867.csv,294867,HeatingSystem,Furnace,electric_heating_system_uncertain,electric_heating_system_uncertain,electricity,3351.0,0.27925,0.982081050554168,0.9820812933333332,,,,,,
ochre_load_435785.csv,435785,HeatingSystem,Furnace,electric_heating_system_uncertain,electric_heating_system_uncertain,electricity,3463.0,0.2885833333333333,1.014905006884239,1.0149052577777775,,,,,,
ochre_load_420010.csv,420010,HeatingSystem,Furnace,electric_heating_system_uncertain,electric_heating_system_uncertain,electricity,3760.0,0.3133333333333333,1.1019471053666583,1.1019473777777775,,,,,,
ochre_load_103629.csv,103629,HeatingSystem,Furnace,electric_heating_system_uncertain,electric_heating_system_uncertain,electricity,4295.0,0.3579166666666666,1.258740111050478,1.258740422222222,,,,,,
ochre_load_448598.csv,448598,HeatingSystem,Furnace,electric_heating_system_uncertain,electric_heating_system_uncertain,electricity,4558.0,0.3798333333333333,1.3358177942184115,1.3358181244444445,,,,,,
ochre_load_206587.csv,206587,HeatingSystem,Furnace,electric_heating_system_uncertain,electric_heating_system_uncertain,electricity,4597.0,0.3830833333333333,1.3472475647262043,1.3472478977777778,,,,,,
ochre_load_41603.csv,41603,HeatingSystem,Furnace,electric_heating_system_uncertain,electric_heating_system_uncertain,electricity,4668.0,0.389,1.36805560847116,1.3680559466666666,,,,,,
ochre_load_407766.csv,407766,HeatingSystem,Furnace,electric_heating_system_uncertain,electric_heating_system_uncertain,electricity,5459.0,0.4549166666666667,1.599874800052284,1.5998751955555557,,,,,,
ochre_load_347465.csv,347465,HeatingSystem,Furnace,electric_heating_system_uncertain,electric_heating_system_uncertain,electricity,6507.0,0.54225,1.9070132485693736,1.90701372,,,,,,
ochre_load_386133.csv,386133,HeatingSystem,Furnace,electric_heating_system_uncertain,electric_heating_system_uncertain,electricity,6652.0,0.5543333333333333,1.9495085491752688,1.9495090311111112,,,,,,
ochre_load_548576.csv,548576,HeatingSystem,Furnace,electric_heating_system_uncertain,electric_heating_system_uncertain,electricity,7654.0,0.6378333333333334,2.2431657299139367,2.2431662844444444,,,,,,
ochre_load_244333.csv,244333,HeatingSystem,Furnace,electric_heating_system_uncertain,electric_heating_system_uncertain,electricity,7972.0,0.6643333333333333,2.3363623202082446,2.336362897777778,,,,,,
ochre_load_500868.csv,500868,HeatingSystem,Furnace,electric_heating_system_uncertain,electric_heating_system_uncertain,electricity,9392.0,0.7826666666666666,2.752523195107355,2.752523875555556,,,,,,
ochre_load_463947.csv,463947,HeatingSystem,Furnace,electric_heating_system_uncertain,electric_heating_system_uncertain,electricity,10182.0,0.8485,2.9840493156498176,2.984050053333333,,,,,,
ochre_load_358904.csv,358904,HeatingSystem,Furnace,electric_heating_system_uncertain,electric_heating_system_uncertain,electricity,10394.0,0.8661666666666666,3.046180375846023,3.0461811288888887,,,,,,
ochre_load_34881.csv,34881,HeatingSystem,Furnace,electric_heating_system_uncertain,electric_heating_system_uncertain,electricity,10986.0,0.9155,3.2196784307335395,3.2196792266666665,,,,,,
ochre_load_258272.csv,258272,HeatingSystem,Furnace,electric_heating_system_uncertain,electric_heating_system_uncertain,electricity,11393.0,0.9494166666666668,3.338958343468707,3.338959168888889,,,,,,
ochre_load_413697.csv,413697,HeatingSystem,Furnace,electric_heating_system_uncertain,electric_heating_system_uncertain,electricity,12035.0,1.002916666666667,3.52710995028929,3.5271108222222223,,,,,,
ochre_load_154021.csv,154021,HeatingSystem,Furnace,electric_heating_system_uncertain,electric_heating_system_uncertain,electricity,12803.0,1.0669166666666667,3.752188507981204,3.752189435555556,,,,,,
ochre_load_42616.csv,42616,HeatingSystem,Furnace,electric_heating_system_uncertain,electric_heating_system_uncertain,electricity,13261.0,1.1050833333333334,3.8864150436881,3.886416004444445,,,,,,
ochre_load_519683.csv,519683,HeatingSystem,Furnace,electric_heating_system_uncertain,electric_heating_system_uncertain,electricity,13725.0,1.14375,4.022400005626964,4.022401,,,,,,
ochre_load_294278.csv,294278,HeatingSystem,Furnace,electric_heating_system_uncertain,electric_heating_system_uncertain,electricity,14913.0,1.24275,4.370568399556642,4.37056948,,,,,,
ochre_load_328443.csv,328443,HeatingSystem,Furnace,electric_heating_system_uncertain,electric_heating_system_uncertain,electricity,15847.0,1.3205833333333334,4.6442967496663385,4.644297897777777,,,,,,
ochre_load_526879.csv,526879,HeatingSystem,Furnace,electric_heating_system_uncertain,electric_heating_system_uncertain,electricity,17062.0,1.4218333333333333,5.000378061639873,5.000379297777777,,,,,,
ochre_load_94476.csv,94476,HeatingSystem,Furnace,electric_heating_system_uncertain,electric_heating_system_uncertain,electricity,17494.0,1.457833333333333,5.126984750341575,5.126986017777778,,,,,,
ochre_load_350091.csv,350091,HeatingSystem,Furnace,electric_heating_system_uncertain,electric_heating_system_uncertain,electricity,18436.0,1.536333333333333,5.403057668760562,5.403059004444445,,,,,,
ochre_load_291920.csv,291920,HeatingSystem,Furnace,electric_heating_system_uncertain,electric_heating_system_uncertain,electricity,18506.0,1.542166666666667,5.423572641466856,5.423573982222222,,,,,,
ochre_load_443399.csv,443399,HeatingSystem,Furnace,electric_heating_system_uncertain,electric_heating_system_uncertain,electricity,18972.0,1.581,5.5601437454830425,5.5601451200000005,,,,,,
ochre_load_108125.csv,108125,HeatingSystem,Furnace,electric_heating_system_uncertain,electric_heating_system_uncertain,electricity,19207.0,1.6005833333333332,5.629015439568459,5.629016831111111,,,,,,
ochre_load_421638.csv,421638,HeatingSystem,Furnace,electric_heating_system_uncertain,electric_heating_system_uncertain,electricity,20701.0,1.7250833333333333,6.066863571328509,6.066865071111112,,,,,,
ochre_load_69732.csv,69732,HeatingSystem,Furnace,electric_heating_system_uncertain,electric_heating_system_uncertain,electricity,21072.0,1.756,6.175592926671868,6.175594453333333,,,,,,
ochre_load_497565.csv,497565,HeatingSystem,Furnace,electric_heating_system_uncertain,electric_heating_system_uncertain,electricity,21397.0,1.7830833333333334,6.270841014236805,6.270842564444444,,,,,,
ochre_load_277601.csv,277601,HeatingSystem,Furnace,electric_heating_system_uncertain,electric_heating_system_uncertain,electricity,21544.0,1.7953333333333332,6.313922456920023,6.3139240177777785,,,,,,
ochre_load_33592.csv,33592,HeatingSystem,Furnace,electric_heating_system_uncertain,electric_heating_system_uncertain,electricity,23239.0,1.936583333333333,6.810677867451004,6.810679551111111,,,,,,
ochre_load_303983.csv,303983,HeatingSystem,Furnace,electric_heating_system_uncertain,electric_heating_system_uncertain,electricity,24912.0,2.076,7.300985715131434,7.30098752,,,,,,
ochre_load_374646.csv,374646,HeatingSystem,Furnace,electric_heating_system_uncertain,electric_heating_system_uncertain,electricity,27223.0,2.2685833333333334,7.978272885477803,7.978274857777778,,,,,,
ochre_load_95745.csv,95745,HeatingSystem,Furnace,electric_heating_system_uncertain,electric_heating_system_uncertain,electricity,28577.0,2.3814166666666665,8.375091071825265,8.375093142222221,,,,,,
ochre_load_450807.csv,450807,HeatingSystem,Furnace,electric_heating_system_uncertain,electric_heating_system_uncertain,electricity,31188.0,2.599,9.140299553770037,9.140301813333334,,,,,,
ochre_load_174660.csv,174660,HeatingSystem,Furnace,electric_heating_system_uncertain,electric_heating_system_uncertain,electricity,36130.0,3.0108333333333333,10.588656626834403,10.588659244444443,,,,,,
ochre_load_409971.csv,409971,HeatingSystem,Furnace,electric_heating_system_uncertain,electric_heating_system_uncertain,electricity,37493.0,3.124416666666667,10.98811245252982,10.98811516888889,,,,,,
ochre_load_409077.csv,409077,HeatingSystem,Furnace,electric_heating_system_uncertain,electric_heating_system_uncertain,electricity,38103.0,3.17525,11.16688578611324,11.166888546666668,,,,,,
ochre_load_131994.csv,131994,HeatingSystem,Furnace,electric_heating_system_uncertain,electric_heating_system_uncertain,electricity,38537.0,3.2114166666666666,11.294078616892264,11.29408140888889,,,,,,
ochre_load_225086.csv,225086,HeatingSystem,Furnace,electric_heating_system_uncertain,electric_heating_system_uncertain,electricity,40310.0,3.359166666666667,11.81369356843883,11.813696488888889,,,,,,
ochre_load_173174.csv,173174,HeatingSystem,Furnace,electric_heating_system_uncertain,electric_heating_system_uncertain,electricity,45703.0,3.808583333333333,13.394225679939463,13.394228991111111,,,,,,
ochre_load_281425.csv,281425,HeatingSystem,Furnace,electric_heating_system_uncertain,electric_heating_system_uncertain,electricity,47198.0,3.9331666666666663,13.832366882738174,13.832370302222222,,,,,,
ochre_load_401850.csv,401850,HeatingSystem,Furnace,electric_heating_system_uncertain,electric_heating_system_uncertain,electricity,48542.0,4.045166666666667,14.226254358699023,14.226257875555556,,,,,,
ochre_load_453666.csv,453666,HeatingSystem,Furnace,electric_heating_system_uncertain,electric_heating_system_uncertain,electricity,48877.0,4.073083333333333,14.324433156650574,14.324436697777776,,,,,,
ochre_load_415846.csv,415846,HeatingSystem,Furnace,electric_heating_system_uncertain,electric_heating_system_uncertain,electricity,49774.0,4.147833333333334,14.5873178783298,14.587321484444445,,,,,,
ochre_load_356795.csv,356795,HeatingSystem,Furnace,electric_heating_system_uncertain,electric_heating_system_uncertain,electricity,52224.0,4.352,15.305341923050095,15.305345706666667,,,,,,
ochre_load_391660.csv,391660,HeatingSystem,Furnace,electric_heating_system_uncertain,electric_heating_system_uncertain,electricity,56253.0,4.68775,16.486125137816657,16.486129213333335,,,,,,
ochre_load_150461.csv,150461,HeatingSystem,Furnace,electric_heating_system_uncertain,electric_heating_system_uncertain,electricity,59105.0,4.925416666666667,17.321963740078814,17.321968022222222,,,,,,
ochre_load_268011.csv,268011,HeatingSystem,Furnace,electric_heating_system_uncertain,electric_heating_system_uncertain,electricity,59390.0,4.949166666666667,17.405488986097296,17.40549328888889,,,,,,
ochre_load_251924.csv,251924,HeatingSystem,Furnace,electric_heating_system_uncertain,electric_heating_system_uncertain,electricity,59704.0,4.975333333333333,17.49751329223696,17.49751761777778,,,,,,
ochre_load_4932.csv,4932,HeatingSystem,Furnace,electric_heating_system_uncertain,electric_heating_system_uncertain,electricity,66010.0,5.5008333333333335,19.3456192620354,19.345624044444445,,,,,,
ochre_load_416329.csv,416329,HeatingSystem,Furnace,electric_heating_system_uncertain,electric_heating_system_uncertain,electricity,67512.0,5.626,19.785811962104745,19.785816853333333,,,,,,
ochre_load_355669.csv,355669,HeatingSystem,Furnace,electric_heating_system_uncertain,electric_heating_system_uncertain,electricity,71427.0,5.95225,20.93318507846391,20.933190253333333,,,,,,
ochre_load_257561.csv,257561,HeatingSystem,Furnace,electric_heating_system_uncertain,electric_heating_system_uncertain,electricity,74771.0,6.230916666666666,21.913214631747447,21.91322004888889,,,,,,
ochre_load_255328.csv,255328,HeatingSystem,Furnace,electric_heating_system_uncertain,electric_heating_system_uncertain,electricity,94215.0,7.85125,27.611687907478647,27.611694733333334,,,,,,
ochre_load_549938.csv,549938,HeatingSystem,Furnace,electric_heating_system_uncertain,electric_heating_system_uncertain,electricity,111567.0,9.29725,32.69705657033031,32.697064653333335,,,,,,
ochre_load_209568.csv,209568,HeatingSystem,WallFurnace,electric_heating_system_uncertain,electric_heating_system_uncertain,electricity,1350.0,0.1125,0.3956459021928161,0.395646,,,,,,
ochre_load_141321.csv,141321,HeatingSystem,WallFurnace,electric_heating_system_uncertain,electric_heating_system_uncertain,electricity,2647.0,0.2205833333333333,0.775759039336581,0.7757592311111111,,,,,,
ochre_load_373611.csv,373611,HeatingSystem,WallFurnace,electric_heating_system_uncertain,electric_heating_system_uncertain,electricity,2912.0,0.2426666666666666,0.8534228645818375,0.8534230755555555,,,,,,
ochre_load_125660.csv,125660,HeatingSystem,WallFurnace,electric_heating_system_uncertain,electric_heating_system_uncertain,electricity,3583.0,0.2985833333333333,1.0500735315236005,1.050073791111111,,,,,,
ochre_load_49900.csv,49900,HeatingSystem,WallFurnace,electric_heating_system_uncertain,electric_heating_system_uncertain,electricity,4060.0,0.3383333333333333,1.189868416965062,1.1898687111111113,,,,,,
ochre_load_541619.csv,541619,HeatingSystem,WallFurnace,electric_heating_system_uncertain,electric_heating_system_uncertain,electricity,4517.0,0.3764166666666667,1.3238018816332966,1.3238022088888888,,,,,,
ochre_load_414814.csv,414814,HeatingSystem,WallFurnace,electric_heating_system_uncertain,electric_heating_system_uncertain,electricity,4794.0,0.3995,1.4049825593424894,1.4049829066666666,,,,,,
ochre_load_345975.csv,345975,HeatingSystem,WallFurnace,electric_heating_system_uncertain,electric_heating_system_uncertain,electricity,5689.0,0.4740833333333333,1.6672811389443931,1.6672815511111112,,,,,,
ochre_load_89497.csv,89497,HeatingSystem,WallFurnace,electric_heating_system_uncertain,electric_heating_system_uncertain,electricity,5851.0,0.4875833333333333,1.7147586472075314,1.7147590711111111,,,,,,
ochre_load_53428.csv,53428,HeatingSystem,WallFurnace,electric_heating_system_uncertain,electric_heating_system_uncertain,electricity,6004.0,0.5003333333333333,1.7595985161227172,1.7595989511111112,,,,,,
ochre_load_384497.csv,384497,HeatingSystem,WallFurnace,electric_heating_system_uncertain,electric_heating_system_uncertain,electricity,6722.0,0.5601666666666667,1.9700235218815632,1.9700240088888887,,,,,,
ochre_load_375112.csv,375112,HeatingSystem,WallFurnace,electric_heating_system_uncertain,electric_heating_system_uncertain,electricity,6880.0,0.5733333333333334,2.016328745990056,2.0163292444444445,,,,,,
ochre_load_357910.csv,357910,HeatingSystem,WallFurnace,electric_heating_system_uncertain,electric_heating_system_uncertain,electricity,8404.0,0.7003333333333334,2.462969008909946,2.4629696177777776,,,,,,
ochre_load_283980.csv,283980,HeatingSystem,WallFurnace,electric_heating_system_uncertain,electric_heating_system_uncertain,electricity,8810.0,0.7341666666666666,2.581955850606452,2.581956488888889,,,,,,
ochre_load_510124.csv,510124,HeatingSystem,WallFurnace,electric_heating_system_uncertain,electric_heating_system_uncertain,electricity,9530.0,0.7941666666666667,2.792966998442621,2.792967688888889,,,,,,
ochre_load_220419.csv,220419,HeatingSystem,WallFurnace,electric_heating_system_uncertain,electric_heating_system_uncertain,electricity,9668.0,0.8056666666666666,2.8334108017778865,2.8334115022222224,,,,,,
ochre_load_237595.csv,237595,HeatingSystem,WallFurnace,electric_heating_system_uncertain,electric_heating_system_uncertain,electricity,9804.0,0.817,2.873268463035829,2.873269173333333,,,,,,
ochre_load_80247.csv,80247,HeatingSystem,WallFurnace,electric_heating_system_uncertain,electric_heating_system_uncertain,electricity,10410.0,0.8675,3.0508695124646046,3.0508702666666667,,,,,,
ochre_load_494343.csv,494343,HeatingSystem,WallFurnace,electric_heating_system_uncertain,electric_heating_system_uncertain,electricity,12213.0,1.01775,3.57927659517101,3.57927748,,,,,,
ochre_load_483296.csv,483296,HeatingSystem,WallFurnace,electric_heating_system_uncertain,electric_heating_system_uncertain,electricity,14368.0,1.1973333333333334,4.210844683486209,4.210845724444445,,,,,,
ochre_load_493495.csv,493495,HeatingSystem,WallFurnace,electric_heating_system_uncertain,electric_heating_system_uncertain,electricity,17176.0,1.4313333333333331,5.0337881600472665,5.033789404444445,,,,,,
ochre_load_392855.csv,392855,HeatingSystem,WallFurnace,electric_heating_system_uncertain,electric_heating_system_uncertain,electricity,18384.0,1.532,5.387817974750172,5.387819306666667,,,,,,
ochre_load_546165.csv,546165,HeatingSystem,WallFurnace,electric_heating_system_uncertain,electric_heating_system_uncertain,electricity,20723.0,1.7269166666666669,6.073311134179058,6.073312635555556,,,,,,
ochre_load_533678.csv,533678,HeatingSystem,WallFurnace,electric_heating_system_uncertain,electric_heating_system_uncertain,electricity,24768.0,2.064,7.258783485564201,7.25878528,,,,,,
ochre_load_177805.csv,177805,HeatingSystem,WallFurnace,electric_heating_system_uncertain,electric_heating_system_uncertain,electricity,25968.0,2.164,7.610468731957814,7.610470613333334,,,,,,
ochre_load_131587.csv,131587,HeatingSystem,WallFurnace,electric_heating_system_uncertain,electric_heating_system_uncertain,electricity,29816.0,2.4846666666666666,8.73820608872667,8.738208248888888,,,,,,
ochre_load_127525.csv,127525,HeatingSystem,WallFurnace,electric_heating_system_uncertain,electric_heating_system_uncertain,electricity,31124.0,2.5936666666666666,9.121543007295712,9.121545262222222,,,,,,
ochre_load_497767.csv,497767,HeatingSystem,WallFurnace,electric_heating_system_uncertain,electric_heating_system_uncertain,electricity,37493.0,3.124416666666667,10.98811245252982,10.98811516888889,,,,,,
ochre_load_185049.csv,185049,HeatingSystem,WallFurnace,electric_heating_system_uncertain,electric_heating_system_uncertain,electricity,39600.0,3.3,11.605613130989274,11.605616,,,,,,
ochre_load_224421.csv,224421,HeatingSystem,WallFurnace,electric_heating_system_uncertain,electric_heating_system_uncertain,electricity,39832.0,3.319333333333333,11.673605611958706,11.673608497777778,,,,,,
ochre_load_499663.csv,499663,HeatingSystem,WallFurnace,electric_heating_system_uncertain,electric_heating_system_uncertain,electricity,40825.0,3.402083333333333,11.964625153349422,11.96462811111111,,,,,,
ochre_load_134033.csv,134033,HeatingSystem,WallFurnace,electric_heating_system_uncertain,electric_heating_system_uncertain,electricity,41898.0,3.4915,12.279090377833043,12.279093413333332,,,,,,
ochre_load_253892.csv,253892,HeatingSystem,WallFurnace,electric_heating_system_uncertain,electric_heating_system_uncertain,electricity,56828.0,4.735666666666667,16.65464098504693,16.654645102222222,,,,,,
ochre_load_577.csv,577,HeatingSystem,ElectricResistance,electric_resistance,electric_resistance,electricity,886.0,0.0738333333333333,0.2596609402539519,0.2596610044444444,,,,,,
ochre_load_130635.csv,130635,HeatingSystem,ElectricResistance,electric_resistance,electric_resistance,electricity,1032.0,0.086,0.3024493118985083,0.3024493866666666,,,,,,
ochre_load_421567.csv,421567,HeatingSystem,ElectricResistance,electric_resistance,electric_resistance,electricity,1037.0,0.0864166666666666,0.3039146670918151,0.3039147422222222,,,,,,
ochre_load_5892.csv,5892,HeatingSystem,ElectricResistance,electric_resistance,electric_resistance,electricity,1139.0,0.0949166666666666,0.3338079130352723,0.3338079955555555,,,,,,
ochre_load_298.csv,298,HeatingSystem,ElectricResistance,electric_resistance,electric_resistance,electricity,1150.0,0.0958333333333333,0.3370316944605471,0.3370317777777777,,,,,,
ochre_load_161351.csv,161351,HeatingSystem,ElectricResistance,electric_resistance,electric_resistance,electricity,1288.0,0.1073333333333333,0.3774754977958127,0.3774755911111111,,,,,,
ochre_load_397671.csv,397671,HeatingSystem,ElectricResistance,electric_resistance,electric_resistance,electricity,1343.0,0.1119166666666666,0.3935944049221867,0.3935945022222222,,,,,,
ochre_load_279609.csv,279609,HeatingSystem,ElectricResistance,electric_resistance,electric_resistance,electricity,1382.0,0.1151666666666666,0.4050241754299792,0.4050242755555555,,,,,,
ochre_load_453111.csv,453111,HeatingSystem,ElectricResistance,electric_resistance,electric_resistance,electricity,1408.0,0.1173333333333333,0.4126440224351742,0.4126441244444445,,,,,,
ochre_load_39511.csv,39511,HeatingSystem,ElectricResistance,electric_resistance,electric_resistance,electricity,1641.0,0.13675,0.4809295744432676,0.4809296933333333,,,,,,
ochre_load_211197.csv,211197,HeatingSystem,ElectricResistance,electric_resistance,electric_resistance,electricity,1685.0,0.1404166666666666,0.4938247001443668,0.4938248222222222,,,,,,
ochre_load_216899.csv,216899,HeatingSystem,ElectricResistance,electric_resistance,electric_resistance,electricity,1852.0,0.1543333333333333,0.5427675636008115,0.5427676977777778,,,,,,
ochre_load_324807.csv,324807,HeatingSystem,ElectricResistance,electric_resistance,electric_resistance,electricity,1931.0,0.1609166666666666,0.5659201756550578,0.5659203155555556,,,,,,
ochre_load_405984.csv,405984,HeatingSystem,ElectricResistance,electric_resistance,electric_resistance,electricity,1967.0,0.1639166666666666,0.5764707330468662,0.5764708755555557,,,,,,
ochre_load_436561.csv,436561,HeatingSystem,ElectricResistance,electric_resistance,electric_resistance,electricity,2440.0,0.2033333333333333,0.7150933343336825,0.7150935111111111,,,,,,
ochre_load_435548.csv,435548,HeatingSystem,ElectricResistance,electric_resistance,electric_resistance,electricity,2503.0,0.2085833333333333,0.7335568097693472,0.7335569911111111,,,,,,
ochre_load_144108.csv,144108,HeatingSystem,ElectricResistance,electric_resistance,electric_resistance,electricity,2642.0,0.2201666666666666,0.7742936841432743,0.7742938755555556,,,,,,
ochre_load_489784.csv,489784,HeatingSystem,ElectricResistance,electric_resistance,electric_resistance,electricity,3207.0,0.26725,0.9398788209869344,0.9398790533333332,,,,,,
ochre_load_179673.csv,179673,HeatingSystem,ElectricResistance,electric_resistance,electric_resistance,electricity,3275.0,0.2729166666666666,0.959807651615906,0.9598078888888888,,,,,,
ochre_load_459816.csv,459816,HeatingSystem,ElectricResistance,electric_resistance,electric_resistance,electricity,3395.0,0.2829166666666666,0.9949761762552672,0.9949764222222224,,,,,,
ochre_load_68454.csv,68454,HeatingSystem,ElectricResistance,electric_resistance,electric_resistance,electricity,3518.0,0.2931666666666667,1.0310239140106128,1.0310241688888888,,,,,,
ochre_load_427210.csv,427210,HeatingSystem,ElectricResistance,electric_resistance,electric_resistance,electricity,3632.0,0.3026666666666666,1.064434012418006,1.0644342755555556,,,,,,
ochre_load_266872.csv,266872,HeatingSystem,ElectricResistance,electric_resistance,electric_resistance,electricity,3832.0,0.3193333333333333,1.1230482201502752,1.1230484977777777,,,,,,
ochre_load_80718.csv,80718,HeatingSystem,ElectricResistance,electric_resistance,electric_resistance,electricity,3931.0,0.3275833333333333,1.1520622529777484,1.1520625377777778,,,,,,
ochre_load_171418.csv,171418,HeatingSystem,ElectricResistance,electric_resistance,electric_resistance,electricity,4124.0,0.3436666666666667,1.208624963439388,1.2086252622222222,,,,,,
ochre_load_533386.csv,533386,HeatingSystem,ElectricResistance,electric_resistance,electric_resistance,electricity,4154.0,0.3461666666666667,1.2174170945992284,1.2174173955555556,,,,,,
ochre_load_376893.csv,376893,HeatingSystem,ElectricResistance,electric_resistance,electric_resistance,electricity,4217.0,0.3514166666666666,1.2358805700348932,1.2358808755555557,,,,,,
ochre_load_475811.csv,475811,HeatingSystem,ElectricResistance,electric_resistance,electric_resistance,electricity,4338.0,0.3615,1.2713421657129158,1.27134248,,,,,,
ochre_load_516031.csv,516031,HeatingSystem,ElectricResistance,electric_resistance,electric_resistance,electricity,4626.0,0.3855,1.3557466248473833,1.3557469599999998,,,,,,
ochre_load_63831.csv,63831,HeatingSystem,ElectricResistance,electric_resistance,electric_resistance,electricity,4792.0,0.3993333333333333,1.4043964172651666,1.4043967644444444,,,,,,
ochre_load_430350.csv,430350,HeatingSystem,ElectricResistance,electric_resistance,electric_resistance,electricity,5157.0,0.42975,1.5113673463765578,1.51136772,,,,,,
ochre_load_273113.csv,273113,HeatingSystem,ElectricResistance,electric_resistance,electric_resistance,electricity,5447.0,0.4539166666666667,1.5963579475883478,1.5963583422222225,,,,,,
ochre_load_396984.csv,396984,HeatingSystem,ElectricResistance,electric_resistance,electric_resistance,electricity,5856.0,0.488,1.716224002400838,1.7162244266666666,,,,,,
ochre_load_219355.csv,219355,HeatingSystem,ElectricResistance,electric_resistance,electric_resistance,electricity,5931.0,0.49425,1.7382043303004389,1.73820476,,,,,,
ochre_load_304897.csv,304897,HeatingSystem,ElectricResistance,electric_resistance,electric_resistance,electricity,6222.0,0.5185,1.8234880025508904,1.823488453333333,,,,,,
ochre_load_325754.csv,325754,HeatingSystem,ElectricResistance,electric_resistance,electric_resistance,electricity,6278.0,0.5231666666666667,1.8398999807159255,1.8399004355555555,,,,,,
ochre_load_405221.csv,405221,HeatingSystem,ElectricResistance,electric_resistance,electric_resistance,electricity,6441.0,0.53675,1.887670560017725,1.8876710266666668,,,,,,
ochre_load_149780.csv,149780,HeatingSystem,ElectricResistance,electric_resistance,electric_resistance,electricity,6468.0,0.539,1.8955834780615812,1.8955839466666664,,,,,,
ochre_load_436076.csv,436076,HeatingSystem,ElectricResistance,electric_resistance,electric_resistance,electricity,6680.0,0.5566666666666666,1.9577145382577863,1.9577150222222224,,,,,,
ochre_load_455833.csv,455833,HeatingSystem,ElectricResistance,electric_resistance,electric_resistance,electricity,6782.0,0.5651666666666667,1.987607784201244,1.9876082755555555,,,,,,
ochre_load_346224.csv,346224,HeatingSystem,ElectricResistance,electric_resistance,electric_resistance,electricity,6799.0,0.5665833333333333,1.9925899918584864,1.9925904844444444,,,,,,
ochre_load_104985.csv,104985,HeatingSystem,ElectricResistance,electric_resistance,electric_resistance,electricity,6900.0,0.575,2.0221901667632824,2.0221906666666665,,,,,,
ochre_load_154905.csv,154905,HeatingSystem,ElectricResistance,electric_resistance,electric_resistance,electricity,6934.0,0.5778333333333333,2.0321545820777684,2.0321550844444447,,,,,,
ochre_load_160647.csv,160647,HeatingSystem,ElectricResistance,electric_resistance,electric_resistance,electricity,6993.0,0.58275,2.049445773358788,2.04944628,,,,,,
ochre_load_248845.csv,248845,HeatingSystem,ElectricResistance,electric_resistance,electric_resistance,electricity,7020.0,0.585,2.057358691402644,2.0573592,,,,,,
ochre_load_344050.csv,344050,HeatingSystem,ElectricResistance,electric_resistance,electric_resistance,electricity,7055.0,0.5879166666666666,2.067616177755791,2.0676166888888887,,,,,,
ochre_load_354800.csv,354800,HeatingSystem,ElectricResistance,electric_resistance,electric_resistance,electricity,7081.0,0.5900833333333333,2.075236024760986,2.0752365377777777,,,,,,
ochre_load_175062.csv,175062,HeatingSystem,ElectricResistance,electric_resistance,electric_resistance,electricity,7109.0,0.5924166666666667,2.0834420138435035,2.083442528888889,,,,,,
ochre_load_249922.csv,249922,HeatingSystem,ElectricResistance,electric_resistance,electric_resistance,electricity,7220.0,0.6016666666666667,2.115972899134913,2.1159734222222224,,,,,,
ochre_load_153155.csv,153155,HeatingSystem,ElectricResistance,electric_resistance,electric_resistance,electricity,7612.0,0.6343333333333333,2.2308567462901605,2.2308572977777774,,,,,,
ochre_load_467337.csv,467337,HeatingSystem,ElectricResistance,electric_resistance,electric_resistance,electricity,7726.0,0.6438333333333334,2.264266844697554,2.2642674044444444,,,,,,
ochre_load_121812.csv,121812,HeatingSystem,ElectricResistance,electric_resistance,electric_resistance,electricity,7759.0,0.6465833333333333,2.273938188973378,2.2739387511111118,,,,,,
ochre_load_380662.csv,380662,HeatingSystem,ElectricResistance,electric_resistance,electric_resistance,electricity,7827.0,0.65225,2.2938670196023496,2.293867586666667,,,,,,
ochre_load_245919.csv,245919,HeatingSystem,ElectricResistance,electric_resistance,electric_resistance,electricity,8062.0,0.6718333333333333,2.3627387136877656,2.362739297777777,,,,,,
ochre_load_37629.csv,37629,HeatingSystem,ElectricResistance,electric_resistance,electric_resistance,electricity,8221.0,0.6850833333333334,2.40933700883492,2.409337604444445,,,,,,
ochre_load_290158.csv,290158,HeatingSystem,ElectricResistance,electric_resistance,electric_resistance,electricity,8672.0,0.7226666666666667,2.5415120472711865,2.5415126755555555,,,,,,
ochre_load_11556.csv,11556,HeatingSystem,ElectricResistance,electric_resistance,electric_resistance,electricity,8839.0,0.7365833333333334,2.590454910727631,2.590455551111112,,,,,,
ochre_load_431968.csv,431968,HeatingSystem,ElectricResistance,electric_resistance,electric_resistance,electricity,9274.0,0.7728333333333334,2.7179408125453164,2.7179414844444447,,,,,,
ochre_load_481067.csv,481067,HeatingSystem,ElectricResistance,electric_resistance,electric_resistance,electricity,9348.0,0.779,2.739628069406256,2.739628746666667,,,,,,
ochre_load_381278.csv,381278,HeatingSystem,ElectricResistance,electric_resistance,electric_resistance,electricity,9373.0,0.7810833333333334,2.746954845372789,2.746955524444445,,,,,,
ochre_load_505114.csv,505114,HeatingSystem,ElectricResistance,electric_resistance,electric_resistance,electricity,9674.0,0.8061666666666667,2.835169228009854,2.835169928888889,,,,,,
ochre_load_425378.csv,425378,HeatingSystem,ElectricResistance,electric_resistance,electric_resistance,electricity,9989.0,0.8324166666666667,2.9274866051881783,2.9274873288888887,,,,,,
ochre_load_446091.csv,446091,HeatingSystem,ElectricResistance,electric_resistance,electric_resistance,electricity,10236.0,0.853,2.9998751517375304,2.9998758933333334,,,,,,
ochre_load_264851.csv,264851,HeatingSystem,ElectricResistance,electric_resistance,electric_resistance,electricity,10346.0,0.8621666666666666,3.0321129659902786,3.0321137155555555,,,,,,
ochre_load_297932.csv,297932,HeatingSystem,ElectricResistance,electric_resistance,electric_resistance,electricity,10488.0,0.874,3.0737290534801893,3.0737298133333333,,,,,,
ochre_load_537823.csv,537823,HeatingSystem,ElectricResistance,electric_resistance,electric_resistance,electricity,10700.0,0.8916666666666667,3.1358601136763946,3.135860888888889,,,,,,
ochre_load_330130.csv,330130,HeatingSystem,ElectricResistance,electric_resistance,electric_resistance,electricity,10731.0,0.89425,3.1449453158748963,3.144946093333333,,,,,,
ochre_load_508159.csv,508159,HeatingSystem,ElectricResistance,electric_resistance,electric_resistance,electricity,11685.0,0.97375,3.42453508675782,3.4245359333333334,,,,,,
ochre_load_299576.csv,299576,HeatingSystem,ElectricResistance,electric_resistance,electric_resistance,electricity,11776.0,0.9813333333333332,3.4512045512760023,3.4512054044444445,,,,,,
ochre_load_371553.csv,371553,HeatingSystem,ElectricResistance,electric_resistance,electric_resistance,electricity,11982.0,0.9985,3.511577185240239,3.5115780533333334,,,,,,
ochre_load_429451.csv,429451,HeatingSystem,ElectricResistance,electric_resistance,electric_resistance,electricity,11993.0,0.9994166666666666,3.514800966665514,3.514801835555556,,,,,,
ochre_load_399486.csv,399486,HeatingSystem,ElectricResistance,electric_resistance,electric_resistance,electricity,12162.0,1.0135,3.5643299721992814,3.5643308533333333,,,,,,
ochre_load_345258.csv,345258,HeatingSystem,ElectricResistance,electric_resistance,electric_resistance,electricity,12348.0,1.029,3.618841185390292,3.61884208,,,,,,
ochre_load_289572.csv,289572,HeatingSystem,ElectricResistance,electric_resistance,electric_resistance,electricity,12470.0,1.0391666666666666,3.654595852106976,3.654596755555556,,,,,,
ochre_load_381145.csv,381145,HeatingSystem,ElectricResistance,electric_resistance,electric_resistance,electricity,12819.0,1.06825,3.756877644599785,3.756878573333333,,,,,,
ochre_load_193830.csv,193830,HeatingSystem,ElectricResistance,electric_resistance,electric_resistance,electricity,13122.0,1.0935,3.845678169314173,3.84567912,,,,,,
ochre_load_450.csv,450,HeatingSystem,ElectricResistance,electric_resistance,electric_resistance,electricity,13524.0,1.127,3.9634927268560336,3.9634937066666662,,,,,,
ochre_load_524721.csv,524721,HeatingSystem,ElectricResistance,electric_resistance,electric_resistance,electricity,13711.0,1.1425833333333333,4.018297011085705,4.0182980044444445,,,,,,
ochre_load_204757.csv,204757,HeatingSystem,ElectricResistance,electric_resistance,electric_resistance,electricity,13777.0,1.1480833333333331,4.037639699637354,4.0376406977777775,,,,,,
ochre_load_280340.csv,280340,HeatingSystem,ElectricResistance,electric_resistance,electric_resistance,electricity,14174.0,1.1811666666666667,4.153988901985908,4.1539899288888895,,,,,,
ochre_load_544926.csv,544926,HeatingSystem,ElectricResistance,electric_resistance,electric_resistance,electricity,14182.0,1.1818333333333333,4.156333470295199,4.156334497777778,,,,,,
ochre_load_112124.csv,112124,HeatingSystem,ElectricResistance,electric_resistance,electric_resistance,electricity,14311.0,1.192583333333333,4.194139634282513,4.194140671111112,,,,,,
ochre_load_282050.csv,282050,HeatingSystem,ElectricResistance,electric_resistance,electric_resistance,electricity,15087.0,1.25725,4.421562760283717,4.421563853333333,,,,,,
ochre_load_517316.csv,517316,HeatingSystem,ElectricResistance,electric_resistance,electric_resistance,electricity,15266.0,1.272166666666667,4.474022476204097,4.474023582222222,,,,,,
ochre_load_325341.csv,325341,HeatingSystem,ElectricResistance,electric_resistance,electric_resistance,electricity,15269.0,1.2724166666666668,4.474901689320081,4.474902795555556,,,,,,
ochre_load_43591.csv,43591,HeatingSystem,ElectricResistance,electric_resistance,electric_resistance,electricity,15416.0,1.2846666666666666,4.517983132003299,4.517984248888889,,,,,,
ochre_load_22049.csv,22049,HeatingSystem,ElectricResistance,electric_resistance,electric_resistance,electricity,16166.0,1.3471666666666666,4.737786410999308,4.737787582222222,,,,,,
ochre_load_136199.csv,136199,HeatingSystem,ElectricResistance,electric_resistance,electric_resistance,electricity,17092.0,1.4243333333333332,5.009170192799714,5.009171431111111,,,,,,
ochre_load_484478.csv,484478,HeatingSystem,ElectricResistance,electric_resistance,electric_resistance,electricity,17624.0,1.4686666666666666,5.165083985367549,5.165085262222222,,,,,,
ochre_load_186734.csv,186734,HeatingSystem,ElectricResistance,electric_resistance,electric_resistance,electricity,18185.0,1.5154166666666666,5.329496838056564,5.329498155555556,,,,,,
ochre_load_32387.csv,32387,HeatingSystem,ElectricResistance,electric_resistance,electric_resistance,electricity,18332.0,1.5276666666666667,5.3725782807397815,5.3725796088888895,,,,,,
ochre_load_238583.csv,238583,HeatingSystem,ElectricResistance,electric_resistance,electric_resistance,electricity,18422.0,1.5351666666666666,5.398954674219303,5.39895600888889,,,,,,
ochre_load_400139.csv,400139,HeatingSystem,ElectricResistance,electric_resistance,electric_resistance,electricity,18880.0,1.5733333333333333,5.533181209926199,5.533182577777778,,,,,,
ochre_load_310734.csv,310734,HeatingSystem,ElectricResistance,electric_resistance,electric_resistance,electricity,18912.0,1.576,5.542559483163362,5.542560853333334,,,,,,
ochre_load_208222.csv,208222,HeatingSystem,ElectricResistance,electric_resistance,electric_resistance,electricity,19541.0,1.6284166666666666,5.7269011664813485,5.726902582222222,,,,,,
ochre_load_292272.csv,292272,HeatingSystem,ElectricResistance,electric_resistance,electric_resistance,electricity,20127.0,1.67725,5.898640795136897,5.898642253333334,,,,,,
ochre_load_286847.csv,286847,HeatingSystem,ElectricResistance,electric_resistance,electric_resistance,electricity,20847.0,1.73725,6.109651942973065,6.109653453333333,,,,,,
ochre_load_469947.csv,469947,HeatingSystem,ElectricResistance,electric_resistance,electric_resistance,electricity,20921.0,1.7434166666666666,6.131339199834005,6.131340715555556,,,,,,
ochre_load_468345.csv,468345,HeatingSystem,ElectricResistance,electric_resistance,electric_resistance,electricity,21035.0,1.752916666666667,6.164749298241398,6.164750822222223,,,,,,
ochre_load_194284.csv,194284,HeatingSystem,ElectricResistance,electric_resistance,electric_resistance,electricity,21182.0,1.7651666666666668,6.207830740924616,6.207832275555555,,,,,,
ochre_load_122799.csv,122799,HeatingSystem,ElectricResistance,electric_resistance,electric_resistance,electricity,21459.0,1.78825,6.289011418633809,6.2890129733333335,,,,,,
ochre_load_503463.csv,503463,HeatingSystem,ElectricResistance,electric_resistance,electric_resistance,electricity,21661.0,1.8050833333333332,6.3482117684434005,6.3482133377777785,,,,,,
ochre_load_178592.csv,178592,HeatingSystem,ElectricResistance,electric_resistance,electric_resistance,electricity,21917.0,1.8264166666666664,6.4232379543407045,6.423239542222222,,,,,,
ochre_load_184514.csv,184514,HeatingSystem,ElectricResistance,electric_resistance,electric_resistance,electricity,22455.0,1.87125,6.580910173140508,6.5809118,,,,,,
ochre_load_361613.csv,361613,HeatingSystem,ElectricResistance,electric_resistance,electric_resistance,electricity,23705.0,1.9754166666666664,6.94724897146719,6.947250688888889,,,,,,
ochre_load_104180.csv,104180,HeatingSystem,ElectricResistance,electric_resistance,electric_resistance,electricity,23844.0,1.987,6.987985845841117,6.987987573333334,,,,,,
ochre_load_201919.csv,201919,HeatingSystem,ElectricResistance,electric_resistance,electric_resistance,electricity,23944.0,1.9953333333333332,7.017292949707252,7.017294684444444,,,,,,
ochre_load_164619.csv,164619,HeatingSystem,ElectricResistance,electric_resistance,electric_resistance,electricity,24940.0,2.078333333333333,7.309191704213951,7.309193511111111,,,,,,
ochre_load_504038.csv,504038,HeatingSystem,ElectricResistance,electric_resistance,electric_resistance,electricity,26166.0,2.1805,7.668496797612761,7.668498693333334,,,,,,
ochre_load_172046.csv,172046,HeatingSystem,ElectricResistance,electric_resistance,electric_resistance,electricity,26575.0,2.214583333333333,7.7883628524252515,7.788364777777778,,,,,,
ochre_load_433715.csv,433715,HeatingSystem,ElectricResistance,electric_resistance,electric_resistance,electricity,26739.0,2.22825,7.836426502765712,7.83642844,,,,,,
ochre_load_501691.csv,501691,HeatingSystem,ElectricResistance,electric_resistance,electric_resistance,electricity,26873.0,2.2394166666666666,7.875698021946332,7.875699968888889,,,,,,
ochre_load_196948.csv,196948,HeatingSystem,ElectricResistance,electric_resistance,electric_resistance,electricity,27510.0,2.2925,8.06238427357361,8.062386266666666,,,,,,
ochre_load_250420.csv,250420,HeatingSystem,ElectricResistance,electric_resistance,electric_resistance,electricity,28122.0,2.3435,8.241743749234352,8.241745786666666,,,,,,
ochre_load_208263.csv,208263,HeatingSystem,ElectricResistance,electric_resistance,electric_resistance,electricity,28543.0,2.3785833333333333,8.365126656510778,8.365128724444444,,,,,,
ochre_load_127577.csv,127577,HeatingSystem,ElectricResistance,electric_resistance,electric_resistance,electricity,28980.0,2.415,8.493198700405786,8.4932008,,,,,,
ochre_load_22939.csv,22939,HeatingSystem,ElectricResistance,electric_resistance,electric_resistance,electricity,29396.0,2.449666666666667,8.615116252488907,8.615118382222223,,,,,,
ochre_load_366404.csv,366404,HeatingSystem,ElectricResistance,electric_resistance,electric_resistance,electricity,29621.0,2.4684166666666667,8.681057236187709,8.681059382222221,,,,,,
ochre_load_8410.csv,8410,HeatingSystem,ElectricResistance,electric_resistance,electric_resistance,electricity,29696.0,2.474666666666667,8.70303756408731,8.703039715555557,,,,,,
ochre_load_175504.csv,175504,HeatingSystem,ElectricResistance,electric_resistance,electric_resistance,electricity,29716.0,2.4763333333333333,8.708898984860538,8.70890113777778,,,,,,
ochre_load_507104.csv,507104,HeatingSystem,ElectricResistance,electric_resistance,electric_resistance,electricity,29837.0,2.4864166666666665,8.74436058053856,8.744362742222222,,,,,,
ochre_load_62.csv,62,HeatingSystem,ElectricResistance,electric_resistance,electric_resistance,electricity,31120.0,2.5933333333333333,9.120370723141065,9.120372977777777,,,,,,
ochre_load_48517.csv,48517,HeatingSystem,ElectricResistance,electric_resistance,electric_resistance,electricity,31351.0,2.6125833333333333,9.188070133071836,9.188072404444444,,,,,,
ochre_load_392565.csv,392565,HeatingSystem,ElectricResistance,electric_resistance,electric_resistance,electricity,31791.0,2.64925,9.317021390082829,9.317023693333333,,,,,,
ochre_load_394469.csv,394469,HeatingSystem,ElectricResistance,electric_resistance,electric_resistance,electricity,31817.0,2.6514166666666665,9.324641237088024,9.324643542222224,,,,,,
ochre_load_99311.csv,99311,HeatingSystem,ElectricResistance,electric_resistance,electric_resistance,electricity,31980.0,2.665,9.372411816389825,9.372414133333333,,,,,,
ochre_load_451093.csv,451093,HeatingSystem,ElectricResistance,electric_resistance,electric_resistance,electricity,32096.0,2.6746666666666665,9.406408056874538,9.406410382222225,,,,,,
ochre_load_543821.csv,543821,HeatingSystem,ElectricResistance,electric_resistance,electric_resistance,electricity,32667.0,2.72225,9.573751619950167,9.573753986666668,,,,,,
ochre_load_247965.csv,247965,HeatingSystem,ElectricResistance,electric_resistance,electric_resistance,electricity,35336.0,2.9446666666666665,10.355958222137298,10.355960782222224,,,,,,
ochre_load_56640.csv,56640,HeatingSystem,ElectricResistance,electric_resistance,electric_resistance,electricity,35648.0,2.970666666666667,10.447396386199635,10.447398968888889,,,,,,
ochre_load_161642.csv,161642,HeatingSystem,ElectricResistance,electric_resistance,electric_resistance,electricity,38056.0,3.171333333333333,11.153111447296157,11.153114204444444,,,,,,
ochre_load_156916.csv,156916,HeatingSystem,ElectricResistance,electric_resistance,electric_resistance,electricity,38361.0,3.19675,11.242498114087867,11.242500893333334,,,,,,
ochre_load_183747.csv,183747,HeatingSystem,ElectricResistance,electric_resistance,electric_resistance,electricity,38365.0,3.197083333333333,11.243670398242513,11.24367317777778,,,,,,
ochre_load_188691.csv,188691,HeatingSystem,ElectricResistance,electric_resistance,electric_resistance,electricity,39141.0,3.26175,11.471093524243717,11.47109636,,,,,,
ochre_load_390429.csv,390429,HeatingSystem,ElectricResistance,electric_resistance,electric_resistance,electricity,41466.0,3.4555,12.152483689131344,12.152486693333334,,,,,,
ochre_load_125246.csv,125246,HeatingSystem,ElectricResistance,electric_resistance,electric_resistance,electricity,41525.0,3.4604166666666667,12.169774880412364,12.16977788888889,,,,,,
ochre_load_105451.csv,105451,HeatingSystem,ElectricResistance,electric_resistance,electric_resistance,electricity,42106.0,3.508833333333333,12.340049153874604,12.340052204444444,,,,,,
ochre_load_142454.csv,142454,HeatingSystem,ElectricResistance,electric_resistance,electric_resistance,electricity,42889.0,3.5740833333333333,12.569523777146438,12.569526884444445,,,,,,
ochre_load_215972.csv,215972,HeatingSystem,ElectricResistance,electric_resistance,electric_resistance,electricity,44222.0,3.6851666666666665,12.960187471682012,12.960190675555555,,,,,,
ochre_load_199434.csv,199434,HeatingSystem,ElectricResistance,electric_resistance,electric_resistance,electricity,45237.0,3.76975,13.257654575923278,13.257657853333336,,,,,,
ochre_load_192781.csv,192781,HeatingSystem,ElectricResistance,electric_resistance,electric_resistance,electricity,46201.0,3.8500833333333335,13.540175057192814,13.540178404444443,,,,,,
ochre_load_57021.csv,57021,HeatingSystem,ElectricResistance,electric_resistance,electric_resistance,electricity,46278.0,3.8565,13.562741527169738,13.56274488,,,,,,
ochre_load_531648.csv,531648,HeatingSystem,ElectricResistance,electric_resistance,electric_resistance,electricity,56208.0,4.684,16.472936941076895,16.472941013333333,,,,,,
ochre_load_467452.csv,467452,HeatingSystem,ElectricResistance,electric_resistance,electric_resistance,electricity,62570.0,5.214166666666666,18.337454889040377,18.33745942222222,,,,,,
ochre_load_247954.csv,247954,HeatingSystem,ElectricResistance,electric_resistance,electric_resistance,electricity,63305.0,5.275416666666667,18.552862102456466,18.552866688888887,,,,,,
ochre_load_29683.csv,29683,HeatingSystem,ElectricResistance,electric_resistance,electric_resistance,electricity,66184.0,5.515333333333333,19.39661362276248,19.39661841777778,,,,,,
ochre_load_65773.csv,65773,HeatingSystem,ElectricResistance,electric_resistance,electric_resistance,electricity,69108.0,5.759,20.25355333980825,20.25355834666667,,,,,,
ochre_load_208204.csv,208204,HeatingSystem,ElectricResistance,electric_resistance,electric_resistance,electricity,75515.0,6.292916666666667,22.13125948451149,22.131264955555555,,,,,,
ochre_load_67451.csv,67451,HeatPump,air-to-air,heat_pump,heat_pump,electricity,4086.0,0.3405,1.1974882639702569,0.5306493506493506,integrated,electricity,0.0785,0.2760729184189873,0.2760729866666667,single stage
ochre_load_94150.csv,94150,HeatPump,air-to-air,heat_pump,heat_pump,electricity,4614.0,0.3845,1.352229772383447,0.5992207792207791,integrated,electricity,0.1334166666666666,0.4692067328968138,0.4692068488888888,single stage
ochre_load_147304.csv,147304,HeatPump,air-to-air,heat_pump,heat_pump,electricity,5080.0,0.4233333333333333,1.488800876399634,0.6597402597402596,integrated,electricity,0.1085833333333333,0.3818715633757329,0.3818716577777777,single stage
ochre_load_182339.csv,182339,HeatPump,air-to-air,heat_pump,heat_pump,electricity,5117.0,0.4264166666666666,1.499644504830104,0.602,integrated,electricity,0.27175,0.955704657074647,0.9557048933333332,single stage
ochre_load_284686.csv,284686,HeatPump,air-to-air,heat_pump,heat_pump,electricity,5124.0,0.427,1.5016960021007333,0.6028235294117648,integrated,electricity,0.18625,0.6550137714081067,0.6550139333333334,single stage
ochre_load_108536.csv,108536,HeatPump,air-to-air,heat_pump,heat_pump,electricity,5136.0,0.428,1.5052128545646697,0.667012987012987,integrated,electricity,0.20575,0.7235923944548616,0.7235925733333334,single stage
ochre_load_123340.csv,123340,HeatPump,air-to-air,heat_pump,heat_pump,electricity,5425.0,0.4520833333333333,1.5899103847377982,0.875,integrated,electricity,0.0839166666666666,0.2951225359319747,0.2951226088888889,single stage
ochre_load_80172.csv,80172,HeatPump,air-to-air,heat_pump,heat_pump,electricity,7298.0,0.6081666666666666,2.138832440150498,0.8585882352941177,integrated,electricity,0.8908333333333334,3.132929403289781,3.132930177777778,single stage
ochre_load_94349.csv,94349,HeatPump,air-to-air,heat_pump,heat_pump,electricity,7316.0,0.6096666666666667,2.144107718846402,0.95012987012987,integrated,electricity,0.1728333333333333,0.6078293341836302,0.6078294844444445,single stage
ochre_load_330257.csv,330257,HeatPump,air-to-air,heat_pump,heat_pump,electricity,7802.0,0.6501666666666667,2.286540243635816,0.9178823529411766,integrated,electricity,0.5091666666666667,1.7906640462208196,1.790664488888889,single stage
ochre_load_372038.csv,372038,HeatPump,air-to-air,heat_pump,heat_pump,electricity,8371.0,0.6975833333333333,2.4532976646341216,1.0871428571428572,integrated,electricity,0.5931666666666666,2.086079653191456,2.086080168888889,single stage
ochre_load_332728.csv,332728,HeatPump,air-to-air,heat_pump,heat_pump,electricity,8769.0,0.73075,2.569939938021337,1.1388311688311687,integrated,electricity,0.59575,2.0951648553899576,2.0951653733333333,single stage
ochre_load_58324.csv,58324,HeatPump,air-to-air,heat_pump,heat_pump,electricity,8807.0,0.7339166666666667,2.581076637490468,1.0361176470588234,integrated,electricity,0.1728333333333333,0.6078293341836302,0.6078294844444445,single stage
ochre_load_149319.csv,149319,HeatPump,air-to-air,heat_pump,heat_pump,electricity,8929.0,0.7440833333333333,2.6168313042071523,1.050470588235294,integrated,electricity,0.6471666666666667,2.2759896862440074,2.275990248888889,single stage
ochre_load_36514.csv,36514,HeatPump,air-to-air,heat_pump,heat_pump,electricity,9905.0,0.8254166666666667,2.902868637940625,1.2863636363636362,integrated,electricity,0.6463333333333333,2.2730589758573942,2.273059537777778,single stage
ochre_load_367833.csv,367833,HeatPump,air-to-air,heat_pump,heat_pump,electricity,10202.0,0.8501666666666666,2.989910736423045,1.200235294117647,integrated,electricity,0.8346666666666667,2.9353995232320345,2.935400248888889,single stage
ochre_load_55326.csv,55326,HeatPump,air-to-air,heat_pump,heat_pump,electricity,10558.0,0.8798333333333334,3.0942440261864834,1.371168831168831,integrated,electricity,0.689,2.4231113476520028,2.423111946666667,single stage
ochre_load_188195.csv,188195,HeatPump,air-to-air,heat_pump,heat_pump,electricity,10633.0,0.8860833333333333,3.1162243540860843,1.3809090909090909,integrated,electricity,0.8019166666666667,2.8202226050381256,2.8202233022222223,single stage
ochre_load_407827.csv,407827,HeatPump,air-to-air,heat_pump,heat_pump,electricity,10728.0,0.894,3.1440661027589125,1.3932467532467532,integrated,electricity,0.65225,2.2938670196023496,2.293867586666667,single stage
ochre_load_119280.csv,119280,HeatPump,air-to-air,heat_pump,heat_pump,electricity,11449.0,0.9540833333333332,3.355370321633742,1.4868831168831167,integrated,electricity,0.9279166666666666,3.26334601549408,3.263346822222222,single stage
ochre_load_432167.csv,432167,HeatPump,air-to-air,heat_pump,heat_pump,electricity,12251.0,1.0209166666666667,3.590413294640141,1.441294117647059,integrated,electricity,1.043,3.668077119885398,3.6680780266666666,single stage
ochre_load_485752.csv,485752,HeatPump,air-to-air,heat_pump,heat_pump,electricity,12714.0,1.0595,3.726105185540344,1.651168831168831,integrated,electricity,0.8709166666666667,3.0628854250497195,3.0628861822222224,single stage
ochre_load_153431.csv,153431,HeatPump,air-to-air,heat_pump,heat_pump,electricity,14343.0,1.19525,4.203517907519675,1.8627272727272728,integrated,electricity,1.3279166666666666,4.670087001068537,4.670088155555555,single stage
ochre_load_73127.csv,73127,HeatPump,air-to-air,heat_pump,heat_pump,electricity,14449.0,1.2040833333333334,4.234583437617778,1.8764935064935064,integrated,electricity,2.063333333333333,7.256438917254909,7.256440711111112,single stage
ochre_load_325288.csv,325288,HeatPump,air-to-air,heat_pump,heat_pump,electricity,14709.0,1.22575,4.310781907669728,1.7304705882352944,integrated,electricity,1.8850833333333332,6.629559965558292,6.6295616044444445,single stage
ochre_load_150226.csv,150226,HeatPump,air-to-air,heat_pump,heat_pump,electricity,15008.0,1.2506666666666666,4.39841014822947,1.9490909090909088,integrated,electricity,1.0219166666666666,3.593930147104077,3.593931035555556,single stage
ochre_load_77380.csv,77380,HeatPump,air-to-air,heat_pump,heat_pump,electricity,17810.0,1.4841666666666666,5.21959519855856,2.8725806451612903,integrated,electricity,1.95825,6.886876337502953,6.886878040000001,single stage
ochre_load_367816.csv,367816,HeatPump,air-to-air,heat_pump,heat_pump,electricity,17879.0,1.4899166666666666,5.239817100226192,2.3219480519480515,integrated,electricity,1.653333333333333,5.814529407041091,5.814530844444445,single stage
ochre_load_456697.csv,456697,HeatPump,air-to-air,heat_pump,heat_pump,electricity,17998.0,1.4998333333333334,5.274692553826893,2.1174117647058823,integrated,electricity,2.127333333333333,7.4815174749468225,7.481519324444444,single stage
ochre_load_221832.csv,221832,HeatPump,air-to-air,heat_pump,heat_pump,electricity,18776.0,1.5646666666666669,5.502701821905419,2.208941176470588,integrated,electricity,1.6846666666666668,5.924724117577757,5.924725582222222,single stage
ochre_load_500480.csv,500480,HeatPump,air-to-air,heat_pump,heat_pump,electricity,18832.0,1.5693333333333332,5.519113800070454,2.215529411764706,integrated,electricity,2.24025,7.878628732332945,7.87863068,single stage
ochre_load_369647.csv,369647,HeatPump,air-to-air,heat_pump,heat_pump,electricity,19434.0,1.6195,5.695542565344584,2.5238961038961034,integrated,electricity,2.577583333333333,9.06498029683407,9.064982537777778,single stage
ochre_load_329562.csv,329562,HeatPump,air-to-air,heat_pump,heat_pump,electricity,21316.0,1.776333333333333,6.247102260105236,2.7683116883116883,integrated,electricity,2.930333333333333,10.305550003487546,10.305552551111113,single stage
ochre_load_265482.csv,265482,HeatPump,air-to-air,heat_pump,heat_pump,electricity,22147.0,1.8455833333333331,6.490644293232815,2.6055294117647056,integrated,electricity,3.179666666666667,11.182418551162293,11.182421315555557,single stage
ochre_load_38934.csv,38934,HeatPump,air-to-air,heat_pump,heat_pump,electricity,22685.0,1.8904166666666664,6.6483165120326175,2.946103896103896,integrated,electricity,1.8976666666666664,6.673813692396155,6.673815342222222,single stage
ochre_load_126241.csv,126241,HeatPump,air-to-air,heat_pump,heat_pump,electricity,23525.0,1.9604166666666667,6.894496184508148,3.055194805194805,integrated,electricity,3.5881666666666665,12.619052782680203,12.619055902222222,single stage
ochre_load_248481.csv,248481,HeatPump,air-to-air,heat_pump,heat_pump,electricity,23819.0,1.9849166666666669,6.980659069874584,3.093376623376623,integrated,electricity,3.116083333333333,10.958805348663684,10.958808057777778,single stage
ochre_load_435014.csv,435014,HeatPump,air-to-air,heat_pump,heat_pump,electricity,24267.0,2.02225,7.111954895194867,3.151558441558441,integrated,electricity,2.2079166666666667,7.764917169332343,7.764919088888889,single stage
ochre_load_510867.csv,510867,HeatPump,air-to-air,heat_pump,heat_pump,electricity,24284.0,2.0236666666666667,7.116937102852109,3.153766233766233,integrated,electricity,2.2139166666666665,7.78601828411596,7.786020208888889,single stage
ochre_load_11279.csv,11279,HeatPump,air-to-air,heat_pump,heat_pump,electricity,24560.0,2.046666666666667,7.19782470952264,3.961290322580645,integrated,electricity,3.1540833333333333,11.092445742293258,11.092448484444445,single stage
ochre_load_498443.csv,498443,HeatPump,air-to-air,heat_pump,heat_pump,electricity,25614.0,2.1345,7.506721584271698,3.0134117647058822,integrated,electricity,1.9515,6.863137583371384,6.86313928,single stage
ochre_load_426134.csv,426134,HeatPump,air-to-air,heat_pump,heat_pump,electricity,27146.0,2.262166666666667,7.955706415500879,3.525454545454545,integrated,electricity,3.51525,12.362615623851529,12.36261868,single stage
ochre_load_316232.csv,316232,HeatPump,air-to-air,heat_pump,heat_pump,electricity,27516.0,2.293,8.064142699805577,4.438064516129033,integrated,electricity,3.6265833333333335,12.754158531503084,12.754161684444446,single stage
ochre_load_458982.csv,458982,HeatPump,air-to-air,heat_pump,heat_pump,electricity,28283.0,2.3569166666666668,8.28892818645883,3.3274117647058823,integrated,electricity,3.19275,11.228430704232125,11.22843348,single stage
ochre_load_94022.csv,94022,HeatPump,air-to-air,heat_pump,heat_pump,electricity,29751.0,2.47925,8.719156471213683,3.500117647058824,integrated,electricity,4.176916666666667,14.68959967082261,14.689603302222222,single stage
ochre_load_193969.csv,193969,HeatPump,air-to-air,heat_pump,heat_pump,electricity,29893.0,2.491083333333333,8.760772558703595,3.516823529411765,integrated,electricity,4.205416666666666,14.78982996604479,14.789833622222222,single stage
ochre_load_340695.csv,340695,HeatPump,air-to-air,heat_pump,heat_pump,electricity,30246.0,2.5205,8.86422663535105,3.558352941176471,integrated,electricity,3.2844166666666665,11.550808846759605,11.550811702222225,single stage
ochre_load_413564.csv,413564,HeatPump,air-to-air,heat_pump,heat_pump,electricity,30946.0,2.5788333333333333,9.069376362413992,4.018961038961039,integrated,electricity,3.4338333333333333,12.076285219079397,12.076288204444444,single stage
ochre_load_255287.csv,255287,HeatPump,air-to-air,heat_pump,heat_pump,electricity,31090.0,2.5908333333333333,9.111578591981225,4.037662337662337,integrated,electricity,4.1135,14.466572610401329,14.466576186666668,single stage
ochre_load_280446.csv,280446,HeatPump,air-to-air,heat_pump,heat_pump,electricity,32143.0,2.678583333333333,9.420182395691622,4.174415584415584,integrated,electricity,4.140083333333333,14.560062271734296,14.560065871111112,single stage
ochre_load_338677.csv,338677,HeatPump,air-to-air,heat_pump,heat_pump,electricity,34965.0,2.91375,10.247228866793938,5.639516129032257,integrated,electricity,3.55825,12.513840279800784,12.513843373333334,single stage
ochre_load_190151.csv,190151,HeatPump,air-to-air,heat_pump,heat_pump,electricity,36457.0,3.038083333333333,10.684490856476666,4.289058823529412,integrated,electricity,4.997916666666667,17.576935543714185,17.57693988888889,single stage
ochre_load_29332.csv,29332,HeatPump,air-to-air,heat_pump,heat_pump,electricity,37893.0,3.15775,11.105340867994355,4.458000000000001,integrated,electricity,3.689416666666667,12.97513409465374,12.975137302222224,single stage
ochre_load_405004.csv,405004,HeatPump,air-to-air,heat_pump,heat_pump,electricity,39541.0,3.2950833333333334,11.588321939708257,4.651882352941176,integrated,electricity,5.602333333333333,19.70257978712492,19.702584657777777,single stage
ochre_load_48199.csv,48199,HeatPump,air-to-air,heat_pump,heat_pump,electricity,40330.0,3.3608333333333333,11.819554989212056,5.237662337662337,integrated,electricity,4.49025,15.791546776189268,15.79155068,single stage
ochre_load_187377.csv,187377,HeatPump,air-to-air,heat_pump,heat_pump,electricity,42127.0,3.5105833333333334,12.346203645686494,5.4710389610389605,integrated,electricity,5.129,18.03793628752848,18.037940746666667,single stage
ochre_load_158036.csv,158036,HeatPump,air-to-air,heat_pump,heat_pump,electricity,42610.0,3.5508333333333333,12.487756957359922,5.533766233766233,integrated,electricity,5.170083333333333,18.18242030958852,18.182424804444445,single stage
ochre_load_234402.csv,234402,HeatPump,air-to-air,heat_pump,heat_pump,electricity,42884.0,3.5736666666666665,12.56805842195313,5.56935064935065,integrated,electricity,5.208333333333333,18.31693991633408,18.316944444444445,single stage
ochre_load_229864.csv,229864,HeatPump,air-to-air,heat_pump,heat_pump,electricity,45322.0,3.776833333333333,13.282565614209492,5.885974025974025,integrated,electricity,5.77,20.292238716911548,20.292243733333333,single stage
ochre_load_176573.csv,176573,HeatPump,air-to-air,heat_pump,heat_pump,electricity,47469.0,3.95575,13.9117891342154,7.656290322580645,integrated,electricity,7.0400833333333335,24.758934417149117,24.75894053777777,single stage
ochre_load_125249.csv,125249,HeatPump,air-to-air,heat_pump,heat_pump,electricity,48739.0,4.061583333333333,14.283989353315308,5.734,integrated,electricity,7.332416666666667,25.78702762077311,25.78703399555556,single stage
ochre_load_972.csv,972,HeatPump,air-to-air,heat_pump,heat_pump,electricity,56036.0,4.669666666666667,16.422528722427145,9.03806451612903,integrated,electricity,7.0845,24.91514128075561,24.91514744,single stage
ochre_load_529427.csv,529427,HeatPump,air-to-air,heat_pump,heat_pump,electricity,65477.0,5.456416666666667,19.189412398428907,7.703176470588235,integrated,electricity,6.72925,23.66577944294229,23.665785293333336,single stage
ochre_load_409590.csv,409590,HeatPump,air-to-air,heat_pump,heat_pump,electricity,67910.0,5.659166666666667,19.90245423549196,8.81948051948052,integrated,electricity,8.90125,31.3043829946116,31.30439073333333,single stage
ochre_load_202642.csv,202642,HeatPump,mini-split,heat_pump,heat_pump,electricity,5592.0,0.466,1.6388532481942428,0.6819512195121952,integrated,electricity,0.1643333333333333,0.577936088240173,0.5779362311111111,variable speed
ochre_load_58301.csv,58301,HeatPump,mini-split,heat_pump,heat_pump,electricity,7149.0,0.59575,2.0951648553899576,0.8718292682926829,integrated,electricity,0.13325,0.4686205908194911,0.4686207066666666,variable speed
ochre_load_436094.csv,436094,HeatPump,mini-split,heat_pump,heat_pump,electricity,8087.0,0.6739166666666667,2.370065489654299,0.986219512195122,integrated,electricity,0.5035833333333334,1.7710282866305096,1.7710287244444445,variable speed
ochre_load_150109.csv,150109,HeatPump,mini-split,heat_pump,heat_pump,electricity,8768.0,0.7306666666666667,2.5696468669826755,1.069268292682927,integrated,electricity,0.4663333333333333,1.6400255323488884,1.6400259377777775,variable speed
ochre_load_234867.csv,234867,HeatPump,mini-split,heat_pump,heat_pump,electricity,9098.0,0.7581666666666667,2.66636030974092,1.1095121951219515,integrated,electricity,0.9401666666666668,3.3064274581772977,3.306428275555556,variable speed
ochre_load_474667.csv,474667,HeatPump,mini-split,heat_pump,heat_pump,electricity,9229.0,0.7690833333333333,2.704752615805556,1.1254878048780488,integrated,electricity,0.3490833333333333,1.2276745809523757,1.2276748844444445,variable speed
ochre_load_210937.csv,210937,HeatPump,mini-split,heat_pump,heat_pump,electricity,15531.0,1.29425,4.551686301449354,1.8940243902439025,integrated,electricity,1.5978333333333334,5.619344095292635,5.619345484444444,variable speed
ochre_load_176496.csv,176496,HeatPump,mini-split,heat_pump,heat_pump,electricity,15942.0,1.3285,4.672138498339167,1.944146341463415,integrated,electricity,1.0870833333333334,3.82311169933725,3.823112644444445,variable speed
ochre_load_220771.csv,220771,HeatPump,mini-split,heat_pump,heat_pump,electricity,18515.0,1.5429166666666667,5.426210280814808,2.2579268292682926,integrated,electricity,1.70675,6.002387942823013,6.002389426666666,variable speed
ochre_load_428640.csv,428640,HeatPump,mini-split,heat_pump,heat_pump,electricity,19134.0,1.5945,5.6076212537461805,2.333414634146342,integrated,electricity,2.3255,8.178440404883501,8.178442426666667,variable speed
ochre_load_381647.csv,381647,HeatPump,mini-split,heat_pump,heat_pump,electricity,19440.0,1.62,5.697300991576553,2.370731707317073,integrated,electricity,1.4866666666666666,5.2283873297184,5.228388622222223,variable speed
ochre_load_451658.csv,451658,HeatPump,mini-split,heat_pump,heat_pump,electricity,22357.0,1.8630833333333332,6.552189211351696,2.7264634146341464,integrated,electricity,2.0970833333333334,7.375132687912754,7.375134511111112,variable speed
ochre_load_26810.csv,26810,HeatPump,mini-split,heat_pump,heat_pump,electricity,23415.0,1.95125,6.8622583702554,2.855487804878049,integrated,electricity,2.2989166666666665,8.084950743550532,8.084952742222223,variable speed
ochre_load_206973.csv,206973,HeatPump,mini-split,heat_pump,heat_pump,electricity,25156.0,2.0963333333333334,7.372495048564802,3.0678048780487805,integrated,electricity,3.008,10.57869221151992,10.578694826666668,variable speed
ochre_load_444224.csv,444224,HeatPump,mini-split,heat_pump,heat_pump,electricity,27276.0,2.273,7.993805650526855,3.3263414634146344,integrated,electricity,3.074583333333333,10.812855971410334,10.812858644444445,variable speed
ochre_load_324282.csv,324282,HeatPump,mini-split,heat_pump,heat_pump,electricity,28738.0,2.394833333333333,8.422275509049742,3.504634146341464,integrated,electricity,3.48675,12.262385328629348,12.26238836,variable speed
ochre_load_45575.csv,45575,HeatPump,mini-split,heat_pump,heat_pump,electricity,32453.0,2.7044166666666665,9.51103441767664,3.9576829268292686,integrated,electricity,2.909083333333333,10.230816888628905,10.23081941777778,variable speed
ochre_load_69185.csv,69185,HeatPump,mini-split,heat_pump,heat_pump,electricity,51326.0,4.277166666666667,15.042164130332209,6.259268292682927,integrated,electricity,6.71275,23.607751377287347,23.607757213333333,variable speed
ochre_load_488770.csv,488770,HeatPump,mini-split,heat_pump,heat_pump,electricity,53534.0,4.461166666666666,15.68926498369646,6.528536585365855,integrated,electricity,7.192583333333333,25.29525441789937,25.295260671111112,variable speed
ochre_load_52452.csv,52452,HeatPump,mini-split,heat_pump,heat_pump,electricity,58118.0,4.843166666666667,17.032702624920066,7.087560975609757,integrated,electricity,7.464916666666666,26.25301057224465,26.25301706222222,variable speed
